<?xml version="1.0" encoding="UTF-8"?>
<products>
    <product>
        <name>Snickers</name>
        <quantity>6</quantity>
        <price>4.49</price>
        <imageSrc>images/snickers.png</imageSrc>
        <mainCat>Candy</mainCat>
        <category>candy</category>
    </product>
    <product>
        <name>KitKat</name>
        <quantity>6</quantity>
        <price>4.49</price>
        <imageSrc>images/kitkat.png</imageSrc>
        <mainCat>Candy</mainCat>
        <category>candy</category>
    </product>
    <product>
        <name>Jolly Rancher</name>
        <quantity>5</quantity>
        <price>3.49</price>
        <imageSrc>images/jollyrancher.png</imageSrc>
        <mainCat>Candy</mainCat>
        <category>candy</category>
    </product>
    <product>
        <name>Nerds</name>
        <quantity>6</quantity>
        <price>1.25</price>
        <imageSrc>images/nerds.png</imageSrc>
        <mainCat>Candy</mainCat>
        <category>candy</category>
    </product>
    <product>
        <name>Reeses</name>
        <quantity>6</quantity>
        <price>4.49</price>
        <imageSrc>images/reeses.png</imageSrc>
        <mainCat>Candy</mainCat>
        <category>candy</category>
    </product>
    <product>
        <name>Butterfinger</name>
        <quantity>6</quantity>
        <price>4.49</price>
        <imageSrc>images/butterfinger.png</imageSrc>
        <mainCat>Candy</mainCat>
        <category>candy</category>
    </product>
</products>
