<?xml version="1.0" encoding="UTF-8"?>
<products>
    <product>
        <name>Frozen Pancakes</name>
        <quantity>10</quantity>
        <price>5.99</price>
        <imageSrc>images/frozenpancakes.webp</imageSrc>
        <mainCat>Frozen</mainCat>
        <category>rollbacks-breakfast-meals</category>
    </product>
    <product>
        <name>Waffles</name>
        <quantity>10</quantity>
        <price>4.29</price>
        <imageSrc>images/waffles.png</imageSrc>
        <mainCat>Frozen</mainCat>
        <category>meals-breakfast</category>
    </product>
    <product>
        <name>Breakfast Burritos</name>
        <quantity>10</quantity>
        <price>1.25</price>
        <imageSrc>images/burrito.png</imageSrc>
        <mainCat>Frozen</mainCat>
        <category>meals-breakfast</category>
    </product>
    <product>
        <name>Gelato</name>
        <quantity>10</quantity>
        <price>5.99</price>
        <imageSrc>images/gelato.png</imageSrc>
        <mainCat>Frozen</mainCat>
        <category>dessert-rollbacks</category>
    </product>
    <product>
        <name>Ice Cream Cones</name>
        <quantity>10</quantity>
        <price>5.99</price>
        <imageSrc>images/icecream.png</imageSrc>
        <mainCat>Frozen</mainCat>
        <category>dessert-snacks</category>
    </product>
    <product>
        <name>Cheesecake</name>
        <quantity>10</quantity>
        <price>5.99</price>
        <imageSrc>images/cheesecake.png</imageSrc>
        <mainCat>Frozen</mainCat>
        <category>dessert-snacks</category>
    </product>
    <product>
        <name>Pepperoni Pizza</name>
        <quantity>10</quantity>
        <price>4.99</price>
        <imageSrc>images/pepperoni.png</imageSrc>
        <mainCat>Frozen</mainCat>
        <category>pizza-meals</category>
    </product>
    <product>
        <name>Four Cheese Pizza</name>
        <quantity>10</quantity>
        <price>4.99</price>
        <imageSrc>images/fourcheese.png</imageSrc>
        <mainCat>Frozen</mainCat>
        <category>pizza-meals</category>
    </product>
    <product>
        <name>Four Meat Pizza</name>
        <quantity>10</quantity>
        <price>4.99</price>
        <imageSrc>images/fourmeat.png</imageSrc>
        <mainCat>Frozen</mainCat>
        <category>pizza-meals</category>
    </product>
    <product>
        <name>Frozen Meatballs</name>
        <quantity>8</quantity>
        <price>4.99</price>
        <imageSrc>images/meatballs.png</imageSrc>
        <mainCat>Frozen</mainCat>
        <category>meat-rollbacks</category>
    </product>
    <product>
        <name>Chicken Strips</name>
        <quantity>10</quantity>
        <price>9.99</price>
        <imageSrc>images/chicken.png</imageSrc>
        <mainCat>Frozen</mainCat>
        <category>snacks-meat</category>
    </product>
    <product>
        <name>Popcorn Shrimp</name>
        <quantity>10</quantity>
        <price>3.99</price>
        <imageSrc>images/shrimp.png</imageSrc>
        <mainCat>Frozen</mainCat>
        <category>snacks-meat</category>
    </product>
</products>
