[
    {
        "name": "Pumpkin Mix",
        "quantity": 10,
        "price": 3.99,
        "imageSrc": "images\/pumpkinmix.png",
        "mainCat": "Baking",
        "category": [
            "baking"
        ]
    },
    {
        "name": "Pie Crust",
        "quantity": 8,
        "price": 3.49,
        "imageSrc": "images\/crust.png",
        "mainCat": "Baking",
        "category": [
            "baking"
        ]
    },
    {
        "name": "Pie Crusts",
        "quantity": 7,
        "price": 5.29,
        "imageSrc": "images\/crust2.png",
        "mainCat": "Baking",
        "category": [
            "baking"
        ]
    },
    {
        "name": "Pan",
        "quantity": 10,
        "price": 7.99,
        "imageSrc": "images\/pan.png",
        "mainCat": "Baking",
        "category": [
            "baking"
        ]
    },
    {
        "name": "Circular Pan",
        "quantity": 9,
        "price": 4.99,
        "imageSrc": "images\/pan2.png",
        "mainCat": "Baking",
        "category": [
            "baking"
        ]
    },
    {
        "name": "Pudding\/Pie Filling Mix",
        "quantity": 10,
        "price": 1.67,
        "imageSrc": "images\/pudding.png",
        "mainCat": "Baking",
        "category": [
            "baking"
        ]
    }
]