[
    {
        "name": "Cheerios Cereal",
        "quantity": 8,
        "price": 4.99,
        "imageSrc": "images\/cheerios.jpeg",
        "mainCat": "Breakfast",
        "category": [
            "cereal"
        ]
    },
    {
        "name": "Crunch Berries",
        "quantity": 10,
        "price": 3.99,
        "imageSrc": "images\/crunchberries.png",
        "mainCat": "Breakfast",
        "category": [
            "cereal"
        ]
    },
    {
        "name": "Raisin Bran",
        "quantity": 10,
        "price": 2.5,
        "imageSrc": "images\/raisinbran.png",
        "mainCat": "Breakfast",
        "category": [
            "cereal",
            "rollbacks"
        ]
    },
    {
        "name": "Pancake Mix",
        "quantity": 10,
        "price": 4.99,
        "imageSrc": "images\/pancakemix.png",
        "mainCat": "Breakfast",
        "category": [
            "pancakes"
        ]
    },
    {
        "name": "Waffle Mix",
        "quantity": 10,
        "price": 2.89,
        "imageSrc": "images\/wafflemix.png",
        "mainCat": "Breakfast",
        "category": [
            "pancakes"
        ]
    },
    {
        "name": "Maple Syrup",
        "quantity": 10,
        "price": 6.49,
        "imageSrc": "images\/maplesyrup.png",
        "mainCat": "Breakfast",
        "category": [
            "pancakes"
        ]
    },
    {
        "name": "Strawberry Oatmeal",
        "quantity": 10,
        "price": 1.67,
        "imageSrc": "images\/oatmeal.png",
        "mainCat": "Breakfast",
        "category": [
            "oatmeal",
            "rollbacks"
        ]
    },
    {
        "name": "Caramel Oatmeal",
        "quantity": 10,
        "price": 7.99,
        "imageSrc": "images\/carameloatmeal.png",
        "mainCat": "Breakfast",
        "category": [
            "oatmeal"
        ]
    },
    {
        "name": "Granola Bars",
        "quantity": 10,
        "price": 10.99,
        "imageSrc": "images\/granolabar.png",
        "mainCat": "Breakfast",
        "category": [
            "oatmeal"
        ]
    },
    {
        "name": "Croissants",
        "quantity": 10,
        "price": 4.99,
        "imageSrc": "images\/croissant.png",
        "mainCat": "Breakfast",
        "category": [
            "breads"
        ]
    },
    {
        "name": "Bagels",
        "quantity": 10,
        "price": 4.79,
        "imageSrc": "images\/bagel.png",
        "mainCat": "Breakfast",
        "category": [
            "breads"
        ]
    },
    {
        "name": "Muffins",
        "quantity": 10,
        "price": 4.99,
        "imageSrc": "images\/muffin.png",
        "mainCat": "Breakfast",
        "category": [
            "breads",
            "rollbacks"
        ]
    }
]