[
    {
        "name": "Hummus",
        "quantity": 8,
        "price": 3.5,
        "imageSrc": "images\/hummus.png",
        "mainCat": "Pantry",
        "category": ["spread"]
    },
    {
        "name": "Butter",
        "quantity": 8,
        "price": 3.99,
        "imageSrc": "images\/butter.png",
        "mainCat": "Pantry",
        "category": ["spread"]
    },
    {
        "name": "Ketchup",
        "quantity": 8,
        "price": 3.29,
        "imageSrc": "images\/ketchup.png",
        "mainCat": "Pantry",
        "category": [
            "condiments",
            "rollbacks"
        ]
    },
    {
        "name": "Penne Pasta",
        "quantity": 8,
        "price": 1.25,
        "imageSrc": "images\/penne.png",
        "mainCat": "Pantry",
        "category": [
            "pasta",
            "rollbacks"
        ]
    },
    {
        "name": "Spaghetti Pasta",
        "quantity": 8,
        "price": 1.5,
        "imageSrc": "images\/spaghetti.png",
        "mainCat": "Pantry",
        "category": [
            "pasta",
            "rollbacks"
        ]
    },
    {
        "name": "Rotini Pasta",
        "quantity": 8,
        "price": 1.5,
        "imageSrc": "images\/rotini.png",
        "mainCat": "Pantry",
        "category": ["pasta"]
    },
    {
        "name": "Canned Green Beans",
        "quantity": 8,
        "price": 0.89,
        "imageSrc": "images\/cannedbeans.png",
        "mainCat": "Pantry",
        "category": [
            "cannedvegetables"
        ]
    },
    {
        "name": "Canned Corn",
        "quantity": 10,
        "price": 0.89,
        "imageSrc": "images\/cannedcorn.png",
        "mainCat": "Pantry",
        "category": [
            "cannedvegetables"
        ]
    },
    {
        "name": "Canned Peas",
        "quantity": 10,
        "price": 1.59,
        "imageSrc": "images\/cannedpeas.png",
        "mainCat": "Pantry",
        "category": [
            "cannedvegetables"
        ]
    },
    {
        "name": "Alfredo Sauce",
        "quantity": 8,
        "price": 2.99,
        "imageSrc": "images\/alfredosauce.png",
        "mainCat": "Pantry",
        "category": [
            "cannedgoods"
        ]
    },
    {
        "name": "Beef Soup",
        "quantity": 8,
        "price": 2,
        "imageSrc": "images\/beefsoup.png",
        "mainCat": "Pantry",
        "category": [
            "cannedgoods"
        ]
    },
    {
        "name": "Tomato Basil Soup",
        "quantity": 8,
        "price": 2.19,
        "imageSrc": "images\/tomatobasil.png",
        "mainCat": "Pantry",
        "category": [
            "cannedgoods"
        ]
    },
    {
        "name": "Mustard",
        "quantity": 8,
        "price": 0.99,
        "imageSrc": "images\/mustard.png",
        "mainCat": "Pantry",
        "category": [
            "condiments"
        ]
    },
    {
        "name": "Mayonnaise",
        "quantity": 8,
        "price": 3.99,
        "imageSrc": "images\/mayo.png",
        "mainCat": "Pantry",
        "category": [
            "condiments"
        ]
    }
]